{"trial_id": "4", "hyperparameters": {"space": [{"class_name": "Int", "config": {"name": "units_1", "default": null, "conditions": [], "min_value": 32, "max_value": 128, "step": 16, "sampling": "linear"}}, {"class_name": "Float", "config": {"name": "dropout_1", "default": 0.2, "conditions": [], "min_value": 0.2, "max_value": 0.5, "step": 0.1, "sampling": "linear"}}, {"class_name": "Int", "config": {"name": "units_2", "default": null, "conditions": [], "min_value": 16, "max_value": 64, "step": 16, "sampling": "linear"}}, {"class_name": "Float", "config": {"name": "dropout_2", "default": 0.2, "conditions": [], "min_value": 0.2, "max_value": 0.5, "step": 0.1, "sampling": "linear"}}, {"class_name": "Choice", "config": {"name": "learning_rate", "default": 0.001, "conditions": [], "values": [0.001, 0.0005], "ordered": true}}], "values": {"units_1": 96, "dropout_1": 0.2, "units_2": 32, "dropout_2": 0.2, "learning_rate": 0.001}}, "metrics": {"metrics": {"accuracy": {"direction": "max", "observations": [{"value": [0.4993331730365753], "step": 9}]}, "loss": {"direction": "min", "observations": [{"value": [0.7052095731099447], "step": 9}]}, "val_accuracy": {"direction": "max", "observations": [{"value": [0.642897884051005], "step": 9}]}, "val_loss": {"direction": "min", "observations": [{"value": [0.6927914619445801], "step": 9}]}}}, "score": 0.642897884051005, "best_step": 9, "status": "COMPLETED", "message": null}