{"trial_id": "1", "hyperparameters": {"space": [{"class_name": "Int", "config": {"name": "units_1", "default": null, "conditions": [], "min_value": 32, "max_value": 128, "step": 16, "sampling": "linear"}}, {"class_name": "Float", "config": {"name": "dropout_1", "default": 0.2, "conditions": [], "min_value": 0.2, "max_value": 0.5, "step": 0.1, "sampling": "linear"}}, {"class_name": "Int", "config": {"name": "units_2", "default": null, "conditions": [], "min_value": 16, "max_value": 64, "step": 16, "sampling": "linear"}}, {"class_name": "Float", "config": {"name": "dropout_2", "default": 0.2, "conditions": [], "min_value": 0.2, "max_value": 0.5, "step": 0.1, "sampling": "linear"}}, {"class_name": "Choice", "config": {"name": "learning_rate", "default": 0.001, "conditions": [], "values": [0.001, 0.0005], "ordered": true}}], "values": {"units_1": 112, "dropout_1": 0.2, "units_2": 64, "dropout_2": 0.2, "learning_rate": 0.001}}, "metrics": {"metrics": {"accuracy": {"direction": "max", "observations": [{"value": [0.4979995588461558], "step": 17}]}, "loss": {"direction": "min", "observations": [{"value": [5.797662119070689], "step": 17}]}, "val_accuracy": {"direction": "max", "observations": [{"value": [0.6421372890472412], "step": 17}]}, "val_loss": {"direction": "min", "observations": [{"value": [0.6991900404294332], "step": 17}]}}}, "score": 0.6421372890472412, "best_step": 17, "status": "COMPLETED", "message": null}